name,location,price,capacity,rating,reviews,description
Terminus 330,"Atlanta Georgia
Atlanta Georgia","$18,500",151-200,4.9,19,"Welcome to Terminus 330--your celebration begins here. Set in the heart of Atlanta’s Centennial Park District, our award-winning venue offers a refined yet inviting backdrop for weddings and celebrat"
The American Hotel Atlanta Downtown,"Atlanta, GA
Georgia","$3,000",251-300,0.0,0,"Once-In-A-Lifetime Celebration Host the wedding you have always envisioned at The American Hotel Atlanta Downtown, a charming hotel in Atlanta, GA. As a part of the Tapestry Collection by Hilton, this"
Emory Conference Center Hotel,"Atlanta, GA
Georgia","$5,000",251-300,4.8,41,"Emory Conference Center Hotel is an elegant venue situated in Atlanta, GA, offering versatility and unique surroundings in a convenient location. Just a short drive from Hartsfield International Airpo"
Wahoo! Grill,"Decatur, GA
Georgia","$3,000",201-250,5.0,123,"Book your wedding, wedding reception or rehearsal dinner at Wahoo! and you can relax, enjoy and leave the rest to our outstanding staff. Our events team looks forward to creating a full-service, memor"
Park Tavern: The Piedmont Room & Piedmont Garden Tent,"Georgia
Georgia","$7,000",251-300,4.7,136,"Located in the heart of the city overlooking Piedmont Park, our venues celebrate what Atlanta is all about: city skylines tucked in among the trees and seasonal colors. The Piedmont Room, our indoor"
Journeyman's Hall,"Atlanta, GA
Georgia","$2,000",151-200,5.0,5,"Journeyman's Hall is a wedding venue located in South Downtown Atlanta, GA. Led by owner Chef Vincent Marra, this talented team would be delighted to create your dream wedding day. Vincent has been wo"
Margaret Mitchell House,"Atlanta, GA
Georgia","$5,000",51-100,5.0,2,"The Margaret Mitchell House is a brand new wedding venue located on historic grounds in the heart of Midtown Atlanta, GA. This boutique wedding venue offers light-filled spaces, clean modern interior"
Factory Atlanta,"Atlanta, GA
Georgia","$5,850",300+,5.0,6,"Located in Atlanta, GA, Factory Atlanta is a versatile wedding venue perfect for couples who love to get creative. This industrial-meets-chic property has been setting the scene for marital events and"
The Kimpton Shane,"Atlanta
Atlanta","$7,500",51-100,0.0,0,"The Kimpton Shane is a boutique hotel venue in Atlanta, GA, specializing in weddings and events. This brand-new property features stunning architecture, stylish furnishings, and a host of state-of-the"
Atlanta Botanical Garden,"Atlanta, GA
Georgia",$650,151-200,4.7,21,"The Atlanta Botanical Garden is a versatile indoor/outdoor wedding venue in Atlanta, GA. An urban oasis nestled in the heart of Midtown, this property offers lush lawns, verdant tropical foliage, and"
FORTH Hotel Atlanta,"Georgia
Georgia","$25,000",151-200,5.0,5,"Voted One of The Best New Hotels in the World 2025 on Esquire Magazine! FORTH Hotel Atlanta is a deluxe wedding venue in Atlanta, GA. This luxury venue in the trendy Old Fourth Ward neighborhood boas"
The Westside Warehouse,"Atlanta, GA
Georgia","$3,750",151-200,5.0,39,The Westside Warehouse is located in the heart of Atlanta’s west-midtown creative district - one of the most up-and-coming locations in the city. Our converted warehouse boasts soaring cathedral ceili
THE TROLLEY BARN,"Atlanta, GA
Georgia","$3,850",201-250,4.2,43,"This 1889 structure features hardwood floors, a patio and garden area off of the main hall, two getting ready suites, a warming kitchen and is fully climate controlled."
Waldorf Astoria Atlanta Buckhead,"Atlanta, GA
Georgia","$12,000",51-100,4.9,7,"Tie the knot at Waldorf Astoria Atlanta Buckhead. Located in one of the most prestigious neighbourhoods where unforgettable luxury and irresistible Southern charm meet, surrounded by the city's best s"
42West Entertainment Group,"Atlanta, GA
Georgia","$9,500",251-300,5.0,9,42West Entertainment Group is a wedding and special event venue located in West Atlanta. This stunning gathering space offers a distinct blend of industrial modernity and refined elegance. At 42West
The Wimbish House,"Atlanta, GA
Georgia","$5,050",151-200,4.9,96,"Situated in the heart of Midtown and lovingly known as ‘The Light on Peachtree,’ The Wimbish House has been the destination for weddings and events for nearly a century. This lovely Victorian-era hom"
Callanwolde Fine Arts Center,"GA
GA","$8,400",151-200,4.6,38,"Callanwolde Fine Arts Center is a unique wedding venue in Atlanta, GA. With a century-long legacy, the Candler family established the property in Atlanta's Druid Hills neighborhood as a sprawling 27,0"
"The Tess, Autograph Collection","Atlanta
Atlanta",N/A,300+,0.0,0,"The Tess, Autograph Collection is a stylish hotel wedding venue located in the trendy Buckhead neighborhood of Atlanta, GA. This chic urban retreat offers contemporary design, incredible views of the"
Historic DeKalb Courthouse,"Decatur, GA
Georgia",$450,101-150,4.8,99,"Wow your guests in the Historic DeKalb Courthouse; a premier wedding venue in the heart of charming Decatur. Our elegant Courtroom is clad in white marble, and features 20-foot ceilings crowned with h"
Fernbank Museum of Natural History,"Atlanta, GA
Georgia","$3,000",300+,5.0,11,"Nestled on 65 acres of pristine forest in Atlanta, GA, Fernbank Museum of Natural History offers couples an extraordinary wedding venue where natural history meets timeless romance. Whether you dine b"
Intercontinental Buckhead Atlanta,"Atlanta, GA
Georgia",$225,300+,5.0,8,"Located in Atlanta, GA, InterContinental Buckhead Atlanta is a hotel wedding venue that combines classic charm with modern luxury. Designed to enhance relaxation and inspire awe, this City in a Forest"
Swan Coach House,"Atlanta, GA
Georgia","$2,000",101-150,4.6,10,"Swan Coach House is an elegant wedding venue in Atlanta, GA. Originally part of Atlanta’s famed Inman family estate, the Swan Coach House is a historic space in the residential heart of Buckhead. Here"
Hotel Phoenix,"Atlanta, GA
Georgia",$170,251-300,0.0,0,"Wedding Ceremony and Reception Rehearsal Dinner Wedding Room Blocks Welcome Party Bridal Luncheon Engagement Party Hotel Phoenix is a wedding venue located in Atlanta, GA, and offers 15,000+ square"
HobNob Atlantic Station,"Atlanta, GA
Georgia",N/A,51-100,0.0,0,"HobNob Atlantic Station in Atlanta, GA This prime midtown location is now available for private rental for weddings and special events. HobNob offers panoramic views of the Atlantic Station Skyline,"
Grand Hyatt Atlanta in Buckhead,"Atlanta, GA
Georgia","$12,500",300+,5.0,4,"Grand Hyatt Atlanta in Buckhead is an elegant wedding venue in Atlanta, GA. There, this hotel offers a luxurious yet down-to-earth vibe that creates an ideal atmosphere for your special day. Wedding"
Renaissance Atlanta Midtown Hotel,"Midtown Atlanta
Midtown Atlanta",N/A,300+,5.0,2,"Renaissance Atlanta Midtown Hotel is a wedding venue in Atlanta, Georgia. Located in the heart of the arts and music district, it's in a prime location to explore local restaurants, entertainment, sho"
Renaissance Concourse Atlanta Airport Hotel,"Atlanta, GA
Georgia",N/A,300+,0.0,0,"Located in Atlanta, GA, Renaissance Concourse Atlanta Airport Hotel is an elegant wedding venue that combines luxury and convenience. This chic hotel is ideal for soon-to-be newlyweds who wish to marr"
The Supermarket,"Atlanta, GA
Georgia","$5,000",101-150,5.0,1,"Unforgettable Events The Supermarket is a multi-use arts space and wedding venue in Atlanta, GA, that lets you support the local arts scene as you celebrate your special day. Here, you can rent out th"
Rhodes Hall,"Atlanta, GA
Georgia",N/A,101-150,4.5,21,"Rhodes Hall is a mansion and wedding venue located in Atlanta, GA. Known as the ""Castle on Peachtree,"" Rhodes Hall is Atlanta's most unique venue for weddings, receptions, showers, and rehearsal dinne"
Epicurean Hotel Atlanta,"Atlanta, GA
Georgia",N/A,101-150,5.0,4,"Epicurean Hotel Atlanta is a luxe and lavish wedding venue in Atlanta, GA. Inspired by the sleek aesthetics of today's architecture, this awe-inspiring property sets the scene for dazzling ""I Do's."" L"
SCAD Ivy Hall,"Georgia
Georgia","$6,000",101-150,4.5,4,"SCAD Ivy Hall is a historic wedding venue situated in Atlanta, GA. Originally constructed in 1883 and designed by renowned architect Gottfried L. Norrman, the building was acquired by the Savannah Col"
The Brookview at GNL,"Atlanta Area
Atlanta Area","$4,250",101-150,0.0,0,"Atlanta, GA, Nestled in Atlanta, GA's historic Westside, The Brookview at GNL is one of the city's best-kept secrets, a wedding venue that delights every couple the moment they walk in. What seems co"
Pristine Chapel Lakeside,"Jonesboro, GA
Georgia","$8,495",251-300,4.7,108,"Gracing Jonesboro, GA and serving the larger Atlanta area, Pristine Chapel is a luxe ceremony and reception venue. Owned by the ever-enthusiastic Alice Johnston, this location offers couples sweeping"
Enon Ranch,"Atlanta, GA
Georgia","$6,500",251-300,5.0,3,"Enon Ranch is a beautiful wedding venue located in Atlanta, GA. There, the team aims to create a space for love, celebration, and cherished moments to bloom. This rustic event space offers countryside"
Olde Towne Athletic Club,"Atlanta, GA
Atlanta, GA","$2,900",151-200,5.0,72,Olde Towne Athletic Club is a private racket club in the beautiful East Cobb community that offers non-member access to our beautiful ballroom and grounds for weddings and/or receptions. Located cent
Ivy Hall,"Roswell, GA
Georgia","$18,000",201-250,4.9,94,"The Roswell Mill is a unique and cherished piece of Southern history. Originally built by Roswell King, it was destroyed in the Civil War and rebuilt in 1882. We are proud to have been a part of bring"
The Country Club of the South,"Johns Creek, GA
Georgia","$8,000",151-200,4.7,30,"The Country Club of the South is a distinguished and romatic wedding venue located in Johns Creek, Georgia. This venue is surrounded by nature with a lush forest, beautiful hills and scenic streams. T"
The 173 Carlyle House,"Norcross, GA
Georgia","$9,250",300+,4.9,118,"Located in historic downtown Norcross, GA, 173 Carlyle House is a beautifully restored turn-of-the-century venue set on two acres of manicured grounds—perfect for weddings. This family-owned space has"
Primrose Cottage by Wedgewood Weddings,"Roswell, GA
Georgia","$7,000",300+,4.9,281,"Primrose Cottage by Wedgewood Weddings is an enchanting wedding venue located in Roswell, GA. This idyllic three-story home is situated on a stately front lawn in Historic Roswell, essentially hidden"
Brick and Ivey,"Atlanta, Marietta, Gwinnett, Alpharetta,
Atlanta, Marietta, Gwinnett, Alpharetta,","$6,250",151-200,4.9,111,"Brick and Ivey is a romantic, modern wedding venue in Atlanta designed for couples who want something different from a traditional venue. With its' warm white brick setting, European inspired courtya"
Naylor Hall,"Roswell, GA
Georgia","$11,450",201-250,4.9,180,"Naylor Hall began life 170 years ago, but only recently did Sunny Bailey bring it into the 21st century with a complete makeover. Nipped and tucked in just the right places, this grand old dame is hi"
Kimball Hall,"Roswell, GA
Georgia","$13,250",151-200,4.9,169,"Part of the Little River Farms venue group; this newly refurnished and renovated venue seats up to 200 guests, with indoor and outdoor ceremony sites, a brand new outdoor courtyard and plenty of mingl"
Roswell Historic Hall,"Roswell, GA
Georgia","$8,450",300+,4.6,48,"Roswell Historic Hall is a romantic wedding venue located in Roswell, GA. We offer Weddings, Graduations, Birthday Parties, Corporate Events, Holiday Parties, Mitzvahs, Workshops, Prom, Fundraisers, R"
Natalie House by Wedgewood Weddings,"Lawrenceville, GA
Georgia","$8,000",251-300,4.9,220,"Natalie House by Wedgewood Weddings, formerly known as Little Gardens, is an elegant mansion wedding venue located in Lawrenceville, Georgia. This charming venue is ideal for many different types of s"
Huntcliff River Club,"Atlanta Area
Atlanta Area","$4,880",101-150,4.9,30,"The Huntcliff River Club is a wedding and reception venue located in Atlanta, GA. It is surrounded by century-old river oaks, manicured lawns, and situated near the Chattahoochee River. This charming"
Stanley House Mansion,"Marietta, GA
Georgia","$2,000",101-150,5.0,59,"Perched in Marietta, GA, Stanley House Mansion is a stunning wedding venue for any couple’s exquisite celebrations. Dating back to the late 19th century, this property exudes history, classic Southern"
The Atrium by Wedgewood Weddings,"Norcross, GA
Georgia","$6,000",101-150,4.8,157,"The Atrium by Wedgewood Weddings is a contemporary wedding venue situated on a magnificent garden property in Norcross, GA. The Atrium's soaring neo-classical design features a mezzanine level overloo"
Country Club of Roswell,"Roswell, GA
Georgia",N/A,201-250,4.7,24,"We are so excited for all of our newly engaged couples! Whether you want an intimate celebration with less than 50 guests or a larger scaled reception with over 200 guests, Country Club of Roswell is"
Flint Hill by Wedgewood Weddings,"Norcross, GA
Georgia","$6,000",251-300,4.8,212,"Flint Hill by Wedgewood Weddings is a beautifully restored historic mansion located on a private estate in Norcross, GA. Featuring recently renovated farmhouse décor, a beautiful covered pavilion, la"
Hilton Atlanta/Marietta Hotel & Conference Center,"Atlanta Metro Area
Atlanta Metro Area",N/A,300+,3.5,8,"Hilton Atlanta/Marietta Hotel & Conference Center is a captivating wedding venue located in Marietta, GA. Welcome to the Hilton Atlanta/Marietta – where your dream wedding becomes a reality. We are"
Chateau des Lions,"Metro Atlanta & Southeast United States
Metro Atlanta & Southeast United States","$9,200",51-100,5.0,5,"This European-inspired luxury mansion and wedding venue, located just north of Atlanta in Marietta, Georgia, offers a truly unforgettable setting for your special day. Designed for weddings of up to 1"
Roswell Mill Club,"Roswell, GA
Georgia","$11,000",151-200,4.8,43,"Roswell Mill is a unique and cherished piece of Southern history. Originally built by Roswell King, it was destroyed in the Civil War and rebuilt in 1882. We are proud to have been a part of bringing"
Breckinridge Banquet Hall,"Duluth, GA
Georgia","$4,050",101-150,4.8,27,"Breckinridge Banquet Hall is a wedding venue located in Duluth, Georgia. This upscale venue offers a memorable locale for your wedding celebrations. From intimate gatherings to large-scale receptions,"
Westin Atlanta Airport,"Atlanta, GA
Georgia",N/A,300+,4.0,4,"The Westin Atlanta Airport is a wedding venue located in Atlanta, GA. A short shuttle ride away from Hartsfield-Jackson International Airport, this hotel offers convenient access for out-of-town guest"
Brumby Hall & Gardens,"Marietta, GA
Georgia","$1,750",151-200,4.0,2,"Brumby Hall & Gardens is a historic wedding venue in Marietta, GA. Built in 1851, the property is now home to the Marietta Gone with the Wind Museum. The house is surrounded by meticulously kept gard"
Smoke Rise Country Club,"Stone Mountain, GA
Georgia","$7,500",151-200,0.0,0,"A Community-focused Private Club Smoke Rise Country Club is a wedding venue in Stone Mountain, GA, where golf, family, and unforgettable celebrations come together as one. Its on-site team is proud t"
Social House Roswell,"Roswell, GA
Georgia","$4,000",151-200,0.0,0,"Intentionally-Designed Spaces for your Big Day Social House Roswell is a one-of-a-kind wedding and events venue in downtown Roswell, GA. Nestled in the heart of historic Roswell, this tree-lined spot"
Ashton Gardens Atlanta by Walters Wedding Estates,"Sugar Hill, GA
Georgia","$5,500",251-300,4.8,502,"Ashton Gardens is the Atlanta area’s premier wedding venue, located in the heart of Georgia for a perfect blend of city convenience and serene landscapes. Our signature glass chapel, surrounded by lus"
The Cotton Gin at Mill Creek,"Hiram, GA
Georgia","$13,500",151-200,5.0,114,Truly All-Inclusive Wedding Venue - We pride ourselves on offering a proven planning experience and our no-fee guarantee that is unmatched in the Atlanta market. Are you a busy couple that is overwhle
The Barn at Oak Manor,"Metro Atlanta
Metro Atlanta","$6,000",251-300,5.0,38,"The Barn at Oak Manor is a scenic wedding venue located in Newnan, GA. Just 20 miles from the Atlanta airport, this charming estate offers both convenience and seclusion. The expansive grounds showcas"
The Wildflower Barn at Little River Farms,"Alpharetta, GA
Georgia","$4,500",101-150,5.0,87,"The Wildflower at Little River is a romantic, private garden wedding venue here in Milton, Georgia! Surrounded by gorgeous flowers and trees; our all white painted barn features distressed white brick"
The Cowan Historic Mill,"Acworth, GA
Georgia","$5,500",151-200,5.0,30,"The Cowan Historic Mill is a wedding venue in Acworth, GA. This charming venue, built in the late 1870s, is a thriving local landmark. Over the years, it has reinvented itself several times. It has be"
TPC Sugarloaf,"Duluth, GA
Georgia","$14,500",201-250,5.0,41,"TPC Sugarloaf is a remarkably elegant wedding venue located in Duluth, Georgia. This charming Clubhouse sits on a breathtaking ceremony lawn which overlooks the 18th hole of their championship golf co"
Little River Farms,"Alpharetta, GA
Georgia",N/A,201-250,4.9,201,"Little River Farms is a wedding venue in Alpharetta, GA. Located just 30 minutes away from downtown Atlanta, this setting acts as a peaceful retreat away from the hustle and bustle of the city. Each d"
Venue 92,"Woodstock, GA
Georgia","$4,400",151-200,5.0,96,"Whether it's a romantic garden affair, a glamorous evening under the lights, or neon-lights-music-thumping all out party atmosphere, Venue 92 can fulfill any vision you have for your big day. Our flex"
Governors Towne Club,"Acworth, GA
Georgia","$5,000",201-250,4.2,13,"Governors Towne Club is an elegant event and wedding venue in Acworth, GA, just 45 minutes from downtown Atlanta. The pristine golf course, sophisticated spaces, and top-class services and amenities w"
Payne Corley House,"Duluth, GA
Georgia",N/A,151-200,5.0,196,"In Duluth, GA, the Payne-Corley House is a wedding venue and restored farmhouse that offers you and guests a tranquil retreat for your celebrations. No matter the season, the grounds offer picturesque"
Conservatory at Waterstone,"Acworth, GA
Georgia","$2,500",201-250,4.9,108,"Historic Wedding Venue in Acworth, GA | All-Inclusive Packages Experience the perfect blend of historic charm and modern elegance at the Conservatory at Waterstone, a full-service wedding venue loca"
Milo & Ivy Co Wedding Venue,"Grayson, GA
Georgia","$3,000",101-150,0.0,0,"Milo & Ivy Co Wedding Venue is a captivating wedding venue located in Grayson, GA. Our team thrives on collaboration with couples, photographers, florists, and stylists to ensure each event feels cohe"
St Ives Country Club,"Johns Creek, GA
Georgia","$10,000",201-250,4.7,14,"St Ives Country Club, one of Atlanta's most stunning wedding venues. Located in Johns Creek, couples will get the unique opportunity to exchange their vows on one of the highest points in all of Nort"
Cherry Hollow Farm,"Chattahoochee Hills, GA
Georgia",N/A,151-200,5.0,7,"Congratulations on your engagement! Cherry Hollow Farm is an one-of-a-kind indoor/outdoor wedding and event venue. Cherry Hollow Farm includes two bars, stage, cocktail lounge, dressing rooms, industr"
The Grande At Kennesaw,"Kennesaw, GA
Georgia","$2,500",201-250,4.7,11,"Based in Kennesaw, GA, The Grande At Kennesaw is a charming Victorian-style farmhouse and wedding venue. Nestled on 2.5 acres of stunning landscaped gardens, it makes for a stunning romantic backdrop"
The Manor Golf & Country Club,"Milton, GA
Georgia","$4,000",201-250,4.4,5,"Situated in the gated community of The Manor in Milton, Georgia, The Manor Golf and Country Club boasts a prime location on a prestigious golf course. Our expansive and sophisticated venue provides th"
Hilton Alpharetta Atlanta,"Alpharetta, GA
Georgia","$10,000",251-300,5.0,1,"Hilton Alpharetta Atlanta is a hotel and wedding venue situated in Alpharetta, GA. The newest full-service Hilton Alpharetta Atlanta hotel opened in spring 2021 and is nestled along Windward and North"
Atlanta Marriott Alpharetta,"Alpharetta, GA
Georgia","$5,000",300+,5.0,2,"The Atlanta Marriott Alpharetta is a luxurious hotel venue located in the heart of Alpharetta, GA. It is the perfect venue for couples looking to host a sophisticated and memorable event. Ideal for h"
The Wheeler House and Barn,"Ball Ground, GA
Georgia","$9,750",251-300,5.0,132,"Located in Ball Ground, GA, The Wheeler House and Barn is a rustic barn wedding venue. Bursting with Southern charm, this romantic setting is perfect for quaint countryside celebrations. It dates back"
Carl House,"Auburn, GA
Georgia","$5,000",201-250,4.8,189,"Carl House is a wedding venue located in Auburn, GA. This historic home is presented to prospective newlyweds as an elegant destination for wedding celebrations complete with beautiful grounds and a m"
Bradford House and Gardens,"Flowery Branch, GA
Georgia","$15,000",101-150,5.0,45,"Bradford House and Gardens is a classic, southern home wedding venue nestled on seven gorgeous acres at the southern part of Lake Lanier in Flowery Branch, GA. This all-inclusive venue offers phenomen"
ELIXIR BREW CO,"Atlanta Metro & North Georgia
Atlanta Metro & North Georgia",$100,101-150,0.0,0,"Elixir Brew Co., based out of Buford, GA, is a stunning venue that is the perfect choice for couples who want a wedding that feels personal, unforgettable, and genuinely fun—not formal or cookie-cutte"
Vinewood Stables by Wedgewood Weddings,"Newnan, GA
Georgia","$6,000",251-300,4.9,95,"Vinewood Stables by Wedgewood Weddings is a rustic, historic wedding and special event venue tucked away in Newnan, Georgia. Resting on 10 acres, Vinewood Stables by Wedgewood Weddings features a hist"
Koury Farms Weddings & Events,"Auburn, GA
Georgia","$4,500",151-200,5.0,126,"Located in Northeast GA, between Atlanta and Athens, Koury Farms Weddings & Events, LLC is the venue you didn't think you would find!! From the smallest detail to the big picture, the team at this ru"
Lanier Islands Weddings,"Buford, GA
Georgia",N/A,300+,4.7,179,"At Lanier Islands Resort in Buford, GA, a wedding is more than a day—it’s a complete experience from beginning to end. From intimate lakeside ceremonies to grand, elegant receptions, every celebration"
In The Woods,"Rockmart, GA
Georgia","$12,500",201-250,5.0,25,"In the Woods is North Georgia's newest state-of-the-art Wedding and Event Venue. Located in Rockmart, GA on a family-owned beautiful secluded property, this charming and rustic location is the perfect"
The Engine Room,"Monroe, GA
Georgia",N/A,300+,4.9,32,"The Engine Room at Monroe Cotton Mills is a unique wedding venue located near Atlanta in historic downtown Monroe, GA. The Engine Room offers historical elegance with modern convenience and is a perfe"
Chateau Elan Winery & Resort,"Worldwide
Worldwide",$225,300+,4.7,75,"Chateau Elan Winery & Resort is a luxurious resort and wedding venue in Braselton, GA. Nestled in the lush foothills of northern Georgia, this elegant setting offers gorgeous indoor and outdoor spaces"
Lillian Gardens,"Newnan, GA
Georgia","$4,500",151-200,5.0,47,"Lillian Gardens is a full-service event venue dedicated to providing professional planning services for all special occasions, while ensuring unique client experiences in a spacious mansion and garden"
Four Oaks Manor,"North Georgia, Metro-Atlanta
North Georgia, Metro-Atlanta","$3,000",101-150,4.7,51,"*Now booking 2026 dates! Four Oaks Manor is a garden wedding venue located in Buford, GA. We plan weddings and events at our amazing historic farmhouse, circa 1920, in beautiful North Georgia. The fa"
Fendley Farmstead LLC,"Canton, GA
Georgia",N/A,151-200,5.0,116,"Fendley Farmstead, LLC is a picturesque farm wedding venue located in Canton, GA. Nestled in the scenic countryside of rural Georgia, this estate provides historic settings and expansive pastures for"
Historic Griffin Hotel,"Griffin, GA
Georgia","$2,500",51-100,5.0,2,"Located in Griffin, GA, Historic Griffin Hotel offers a wedding venue like no other. First constructed in 1910, the hotel wraps you in an atmosphere of timeless elegance and grandeur. Its strategic lo"
Blueberry Farm at Hills Creek,"Rockmart, GA
Georgia","$4,500",51-100,0.0,0,"Blueberry Farm at Hills Creek is a picturesque wedding venue nestled in the heart of Rockmart, GA, and its breathtaking countryside. Boasting timeless Southern charm and a truly serene setting, it off"
The Mountain House Inn,"Taylorsville, GA
Georgia","$5,500",0-50,0.0,0,"The Mountain House Inn is a stunning wedding venue in Taylorsville, GA. This beautiful space boasts classic elegance and is ideal for weddings, engagement parties, and weekend-long events. At Mounta"
Mystic Acres Barn,"Griffin, GA
Georgia",N/A,251-300,5.0,1,"Mystic Acres Barn is a beautiful wedding venue located in Griffin, GA. Its origin story is rooted in a daughter's dream to have her wedding on her family farm, which was brought to life through her fa"
Yes 2 Farms,"Cumming, GA
Cumming, GA","$12,500",300+,0.0,0,"Celebrate in the Pristine North Georgia Countryside Nestled on 23 expansive acres of land, Yes 2 Farms is a wedding venue in Cumming, GA, where rustic charm meets contemporary convenience. Enjoy a cha"
"The Venue at Sharp Mountain, LLC","Our venue is in Jasper, Georgia
Our venue is in Jasper, Georgia","$26,750",251-300,5.0,65,"Voted The Knot Best of Weddings, WeddingWire Couples' Choice, and Georgia Business Journal Best of Regional winner. The Venue at Sharp Mountain, LLC is a wedding and events venue located in Jasper, GA"
The Willows Farm,"Marble Hill, GA
Georgia","$9,500",201-250,5.0,109,"Located in Marble Hill, GA, The Willows Farm is a country event venue that hosts weddings and other special occasions. This picturesque property is nestled in the rolling hills of Georgia, amid 300 pa"
Cold Creek Farm,"Georgia, Metro Atlanta, North Georgia
Georgia, Metro Atlanta, North Georgia","$4,000",201-250,4.7,23,"Located in Dawsonville, GA, Cold Creek Farm Wedding Venue offers a picturesque place for couples to celebrate their love and commitment. The family-owned wedding venue in the North Georgia mountains o"
Sage Cottage,"Adairsville, GA
Georgia","$3,500",151-200,4.9,11,"Where Cozy Cottage Charm Meets Timeless Elegance Welcome to Sage Cottage, the premier wedding venue in Adairsville, North GA, where your dream wedding becomes a reality. On 13 picturesque, wooded acre"
The Georgia Club,"Statham, GA
Georgia","$4,750",251-300,4.9,10,"The Georgia Club is a one-of-a-kind wedding venue in Statham, GA. An outdoor wedding garden, an indoor ceremony location, two reception venues with customizable floor plans for up to 300 people, and a"
RLM Affairs/ Estate Room & Gardens /Wysteria Room,"Gainesville, GA
Georgia","$3,000",51-100,4.8,70,"RLM Affairs/ Estate Room & Gardens /Wysteria Room is a breathtaking all-inclusive wedding venue in Gainesville, GA. Specializing in all things weddings, the venue's exceptional team boasts over 45 yea"
Beautiful Beginnings Farm,"Newborn, GA
Georgia","$2,000",101-150,5.0,168,Hello everyone. We are pleased to introduce ourselves to you. Our names are David and Lisa. We are a happily married couple and the owners of Beautiful Beginnings Farm. The peculiarity of our wedding
Barn South,"Talmo, GA
Georgia","$4,500",201-250,5.0,14,"Welcome to Barn South. We think you'll feel at home here. Located north of Atlanta in Talmo, GA, Barn South exemplifies a luxury Southern destination with natural character. Crafted by the vision of"
Ivy & Oak,"Atlanta, Florida, Tennessee & N.Carolina
Atlanta, Florida, Tennessee & N.Carolina","$7,500",151-200,5.0,38,"A breath taking venue nestled in the North Georgia mountains! This is not your average barn. Here at Ivy & Oak, we have added a chic & elegant design that flows indoors and out. We have a Bridal Hou"
The Tate House,"Tate, GA
Georgia","$17,500",201-250,4.9,38,"The Tate House is a historic wedding venue situated in Tate, GA, an hour's drive from downtown Atlanta. First built in 1921, this mansion is constructed with Etowah pink marble, giving it a breathtaki"
Swan Lake Overlook,"Dawsonville, GA
Georgia","$8,900",251-300,4.8,17,Swan Lake Overlook is a luxurious wedding and event venue. Our venue sits on 225 acres of land that has been in our family for over 100 years. Our scenic views overlook the North Georgia Mountains and
Cairn View Winery,"SE USA, Atlanta, Chattanooga
SE USA, Atlanta, Chattanooga","$6,500",0-50,0.0,0,"Cairn View Winery is a wedding venue nestled in the beautiful North Georgia Mountains in Jasper, GA, just one hour north of Atlanta. Surrounded by scenic views and a peaceful mountain setting, our win"
Magnolia Creek Farms,"North Georgia, East Tennessee
North Georgia, East Tennessee","$15,000",251-300,5.0,8,"Located in Adairsville, GA, Magnolia Creek Farms is a countryside setting ideal for weddings and special occasio ns.This venue features 170 acres of tranquil grounds and is nestled in the scenic footh"
Finished Goods Brew Werks,"Winder, GA
Georgia",$100,251-300,0.0,0,"Finished Goods Brew Werks is a brewery and wedding venue in historic downtown Winder, GA. This company was founded on the spirit of quality, craftsmanship, and community. With a blend of finely crafte"
Autumn Oaks of Winder,"Winder, GA
Georgia","$5,000",101-150,5.0,4,"Autumn Oaks of Winder is a gorgeous wedding venue nestled in Winder, GA, that sets the stage for an unforgettable celebration with loved ones. It provides a spectacular setting for milestone events, w"
Hightower Falls,"Cedartown, GA
Georgia",N/A,251-300,4.9,102,"Always dreamed of a waterfall wedding? Hightower Falls is a picturesque wedding venue located in Cedartown, Georgia. With a natural 80 ft. waterfall and a historic 1850's gristmill ruins, this venue"
Spring Lake Events,"Rockmart, GA
Georgia",N/A,151-200,5.0,20,The calm waters of our beautiful lake and the wispy willow trees framed in cattails will take your breath away at Spring Lake. Imagine candles on the lake and wind chimes in the trees as you sit in ou
2400 On The River,"Ranger, GA
Georgia","$11,400",151-200,4.9,36,"2400 On The River is a rustic riverfront wedding venue located near Calhoun, GA. Surrounded by the foothills of the Appalachian Mountains and overlooking the Coosawattee River, this peaceful retreat o"
Meriwether Manor,"Greenville, GA
Georgia","$10,000",300+,4.7,13,"In the heart of the beautiful countryside, Meriwether Manor is a rustic and charismatic wedding venue located in Greenville, GA. Catering for celebrations big and small, this 200-acre estate is renown"
Montaluce Winery & Estates,"North Georgia
North Georgia","$5,500",151-200,4.7,55,"Montaluce Winery & Estates is a breathtaking vineyard wedding venue in Dahlonega, GA. Nestled in the heart of the North Georgia mountains, it offers a stunning Tuscan-inspired setting that conjures im"
Juliette Chapel,"Dahlonega, GA
Georgia","$2,400",51-100,5.0,38,"Juliette Chapel & Events in Dahlonega, GA is a wedding venue ideal for intimate affairs. Couples looking to host smaller, private celebrations will be interested in this space. It is also ideal for el"
1051 Baxter,"Athens, GA
Georgia",N/A,251-300,5.0,1,"1051 Baxter is a brand new events facility in the heart of Athens, GA. The 6000 square foot venue can host weddings and gatherings for up to 300 depending on the event type and requirements. Ceremoni"
Union Fare,"Athens, GA
Georgia","$3,000",300+,0.0,0,"Versatile Event Space for Weddings and Private Events Athens, GA, is where you'll find Union Fare, a one-of-a-kind wedding reception and event venue that will set the scene perfectly for your special"
Summit Farm Weddings,"Ellijay, Blue Ridge, Dawsonville
Ellijay, Blue Ridge, Dawsonville","$7,500",101-150,5.0,129,"Up in the serene Blue Ridge Mountains of Ellijay, GA, sits Summit Farm Weddings, an enchanting countryside event venue with a panoramic view of the Appalachian Mountains. The property is owned and ope"
255 Milledge | Hardeman-Sams Estate,"Athens, GA
Georgia",N/A,151-200,4.9,126,"About 255 Milledge, Hardeman-Sams Estate At 255 Milledge, we believe that life’s greatest moments deserve nothing less than extraordinary celebrations. Nestled in the heart of Athens, Georgia, our hi"
Strawberry Roan Farm's Barn,"Noth Georgia Mountains
Noth Georgia Mountains","$2,800",101-150,5.0,1,"Strawberry Roan Farm's Barn is a stunning and unique wedding venue located in Dahlonega, GA. This rustic-chic venue in beautiful Dahlonega is the perfect place to begin your marriage journey. On you"
The Sixty Two,"Georgia
Georgia","$6,500",151-200,5.0,4,"The Sixty Two is a unique wedding venue in Madison, GA, that sets the stage for the celebration of a lifetime. The venue offers a luxurious space where you and your guests can make magical memories as"
Taylor Estate,"Rome, GA
Georgia",N/A,300+,5.0,3,"The Lodge at Taylor Estate is a newly-built, elegant venue that can accommodate up to 350 guests. Our bi-fold doors allow you to enjoy the elegance of the interior while experiencing the breathtaking"
harvest and haven,"Talking Rock, GA
Georgia","$5,000",101-150,0.0,0,"Tucked away in the North Georgia Mountains, harvest and haven is a modern farmhouse vineyard and orchard wedding venue in Talking Rock, Georgia. Set on 6.5 scenic acres, our property features a renova"
Ott Vineyards and Winery,"Ellijay, GA
Georgia",N/A,Vineyard & Winery Venue,0.0,0,"Located in Ellijay, GA, Ott Vineyards and Winery is a family-owned-and-operated venue for weddings and other special events. Set on 20 lush acres, this scenic property has panoramic views of beautiful"
CeNita Venue at CeNita Vineyards & Winery,"Cleveland, GA
Georgia","$3,500",151-200,5.0,74,"Nestled in the foothills of the Northeast Georgia Mountains, CeNita Venue offers the perfect blend of vineyard charm and mountain views. With Yonah Mountain as your backdrop and rolling vines at your"
Grant Hill Farms,"Commerce, GA
Georgia","$7,500",201-250,5.0,79,"Nestled among 88 acres of peaceful Commerce, GA, farmland, the venue at Grant Hill Farms is the perfect place for your wedding or special event. We pride ourselves on being very hands-on with each eve"
Creek Lodge,"Lagrange, GA
Georgia","$2,500",51-100,0.0,0,"Creek Lodge is a stunning reception venue in LaGrange, GA, that sets the stage for a memorable wedding celebration with loved ones. This one-of-a-kind property is nestled on 18 acres of a secluded woo"
Capitol Theatre Macon,"Middle Georgia
Middle Georgia","$4,500",101-150,0.0,0,"The Capitol Theatre in Macon, Ga was originally opened in 1916 as a movie theatre. The theatre is credited with being the first movie theatre in Georgia to have air conditioning. In 2006, the building"
Enotah Valley Event Center,"Blairsville, GA
Georgia","$6,800",51-100,5.0,7,"Located in Blairsville, GA, Enotah Valley is a venue that is a rustic setting for weddings. Tate and Linda Coghlan are the owners, a couple married for more than 30 years. This pair invites you to ma"
Butler Hall Events,"Gray, GA
Georgia","$1,100",201-250,5.0,1,"Butler Hall Events is a historic wedding venue in Gray, Georgia. Originally a large car garage, this unique building has been lovingly restored to create a modern event facility. Its combination of co"
McEachin Farm,"Athens, Northeast GA, Hartwell, Commerce
Athens, Northeast GA, Hartwell, Commerce","$2,500",101-150,5.0,3,"McEachin Farm is a stunning wedding venue in Atlanta, GA, that sets the stage for the celebration of a lifetime! The property welcomes guests to make unforgettable memories at all kinds of special eve"
Brasstown Valley Resort & Spa,"Young Harris, GA
Georgia","$5,000",151-200,4.9,84,"As a wedding venue, Brasstown Valley Resort & Spa in Young Harris, GA, has it all. Breathtaking mountain views, unique venues, an 18-hole championship golf course, a full-service spa, horseback riding"
The Dogwood Barn at G5Ranch,"Milledgeville, GA
Georgia","$5,000",300+,5.0,16,"Situated on over 600 acres in Milledgeville, Georgia, The Dogwood Barn is a premier wedding venue ideal for rustic romantic events. Forming the centerpiece of G5Ranch, this rural property offers a ser"
Walnut Hill Farm,"Dalton, GA
Georgia","$4,500",300+,4.8,18,"Majestic mountain views, formal and informal gardens, orchards and a beautifully landscaped pond await you. Nestled in the North Georgia Mountains, Walnut Hill Farm offers classic Southern elegance in"
The Ridges Resort on Lake Chatuge,"Hiawassee, GA
Georgia","$8,750",151-200,4.7,52,The Ridges Resort on Lake Chatuge is the only lakeside mountain resort in Georgia. This gorgeous waterfront wedding venue is surrounded by the majestic Blue Ridge mountains and features a grand ballro
The Barn at Young Harris,"Young Harris, GA
Georgia","$6,000",151-200,5.0,52,"Located on 30 acres of pasture with breathtaking panoramic views of Brasstown Bald Mountain and our adorable Scottish Highland Cows waiting to greet you, the Barn is a dream setting for couples lookin"
Cloudland at McLemore Resort,"Rising Fawn, GA
Georgia","$30,000",251-300,4.2,6,"Your Dream Wedding, Above the Clouds At 2,300 feet above sea level, Cloudland at McLemore Resort on Lookout Mountain is a magical escape, offering breathtaking views in every direction. Imagine starti"
Rustic Vows,"Mineral Bluff, GA
Georgia",N/A,51-100,5.0,1,"Situated in Mineral Bluff, GA, Rustic Vows offers an idyllic barn-style setting for creating bespoke wedding events that leave lasting memories. The venue is currently accepting bookings for 2023, 202"
8360 IvyLog,"Young Harris, GA
Georgia","$7,000",300+,0.0,0,"8360 IvyLog is a captivating wedding venue located in Young Harris, GA, that offers a serene and elegant backdrop for weddings and special events. Family-owned and operated, the venue boasts sweeping"
The Estate at Stone Creek,"Middle Georgia
Middle Georgia","$1,795",201-250,4.3,6,"The Estate at Stone Creek, located in Macon, GA, offers the perfect setting for the beginning of your happily ever after. Boasting over 100 acres of beautiful landscape and a historic 2,900 square fee"
Meadows at Mossy Creek,"Cleveland, GA
Georgia","$6,400",251-300,5.0,40,"Meadows at Mossy Creek is a wedding reception venue located in Cleveland, GA. This stylish and contemporary property is an ideal place for couples to host their big-day celebrations. With indoor and o"
Hawkesdene,"Andrews, NC
North Carolina","$15,000",101-150,5.0,66,"Hawkesdene is a Private Mountain Estate located in Andrews, NC in the mountains of Western North Carolina. Centrally-located between, Atlanta, Chattanooga, and Charlotte, Hawkesdene hosts reunion-styl"
Forest Hill Park,"Perry, GA
Georgia",$700,51-100,4.9,23,"Have a beautiful ceremony in a picturesque 1920's white wedding chapel, get dressed in our red train car with your wedding party, have your guest enter though a covered bridge, have beautiful pictures"
Tryphena's Garden,"Fort Valley, GA
Georgia","$3,000",151-200,4.9,24,"The Venue at Tryphena's Garden is a fairytale-like wedding and events venue in Fort Valley, Georgia. This event space's location near Atlanta and Macon provides convenience while maintaining comfort."
Julep Farms,"Dillard, GA
Georgia","$6,200",201-250,5.0,2,"Julep Farms is a breathtaking venue for weddings and other special events in Dillard, GA. A Destination Wedding Experience in North Georgia For couples searching for a North Georgia mountain wedding"
Kingsland Farm,"Hawkinsville, GA
Georgia","$1,250",151-200,5.0,1,"Kingsland Farm is a picturesque and reclusive wedding venue in Hawkinsville, GA, surrounded by calm rural beauty. Nestled in the heart of the countryside, our rustic wedding venue offers a perfect bl"
BaseCamp Smoky Mountains,"Bryson City, NC
North Carolina","$3,500",51-100,5.0,7,"BaseCamp Smoky Mountains is a beautiful, outdoor wedding venue with breathtaking views in the North Carolina Smoky Mountains. This unique event space combines the beauty of nature with a modern archit"
The Icehouse Dublin,"All of Georgia
All of Georgia","$2,500",300+,5.0,2,"The Icehouse Dublin in Dublin, GA, is a unique wedding venue. This spot is a beautifully restored, historic warehouse that blends a warm Southern style and grace with an urban and modern flair. Moe,"
Quinney Oaks Plantation,"Millen, GA
Georgia",N/A,300+,4.8,18,"In Millen, GA, Quinney Oaks Plantation is a wedding venue that can make every occasion feel special. From Wedding ceremonies, receptions, and rehearsal dinners to special luncheons and parties of any"
Rumbling Bald on Lake Lure,"Lake Lure, NC
North Carolina","$5,000",300+,4.4,52,"Rumbling Bald on Lake Lure is the premier wedding destination located in Lake Lure, North Carolina. Overlooking the picturesque lake and with awe-inspiring mountain views, this full-service property o"
Buckhead Art & Company,"Atlanta, GA
Georgia",N/A,201-250,0.0,0,
The Peachtree Club,"Atlanta, GA
Georgia","$23,900",101-150,4.9,92,"*NOT AVAILABLE FOR 2025/2026. Currently accepting bookings up until Saturday, November 16th, 2024.* The Peachtree Club is an elegant high-rise venue located 28 stories above the heart of Atlanta, GA."
The ROOF at Ponce City Market,"Atlanta, GA
Georgia","$9,350",300+,5.0,12,"The ROOF at Ponce City Market is a wedding venue located in Atlanta, GA. This historic building sits atop the Ponce City Market and is situated in the heart of Atlanta’s Old Fourth Ward. Scenic views"
Ventanas,"Atlanta, GA
Georgia",N/A,151-200,4.6,39,Magnificent floor-to-ceiling windows and rooftop patios high above Downtown Atlanta offer breathtaking views of the city. A helicopter pad makes dramatic entrances and exits for unforgettable memories
Wrecking Bar Brewpub,"Atlanta, GA
Georgia","$6,500",201-250,5.0,10,"The Marianna at Wrecking Bar Brewpub is a historic mansion wedding venue located in Atlanta, GA. This event space is a gem in the heart of Atlanta. The Victorian-era architecture of the Marianna will"
Hyatt Regency Atlanta Perimeter at Villa Christina,"Atlanta, GA
Georgia","$12,400",300+,4.6,63,"Villa Christina at Hyatt Regency is a hotel and wedding venue located in Atlanta, GA. Surrounded by 83 acres of lovingly landscaped gardens, guests are treated to captivating views of nature’s beauty"
Monday Night Brewing: The Garage,"Metro Atlanta
Metro Atlanta","$3,500",300+,4.9,15,"Monday Night Garage is one of Atlanta’s most charming and inviting private event spaces. With high ceilings, ample natural light, historic charm, and plenty of space, we will provide a generous settin"
The Historic Atlanta Utility Works By Cultured South,"Atlanta and All Surrounding Cities
Atlanta and All Surrounding Cities","$1,500",300+,5.0,3,"Those dreaming of a unique wedding venue in Atlanta, GA, will fall head over heels for The Historic Atlanta Utility Works By Cultured South. Dating back to the 1900s, this one-of-a-kind destination wa"
Mary Gay House,"Decatur, GA
Georgia","$1,750",151-200,4.9,12,"Your special event will be held in one of the oldest houses in the Atlanta area. Built around 1820, and placed on the National Register of Historic Places in 1975, the Mary Gay House in Decatur is pre"
Southern Exchange Ballrooms,"GA
GA","$40,000",300+,3.9,11,"Offering a balance of deep historical significance and contemporary glamour, Southern Exchange Ballrooms located at 200 Peachtree City Center is the premier event venue located in the heart of Downtow"
103 West,"Atlanta, GA
Georgia","$10,700",251-300,4.5,26,"103 West is Atlanta's premier private event space, with accommodations for parties of 10 to 300 guests. Our staff will coordinate all important details, making your experience with 103 West unique and"
Georgia Aquarium featuring Wolfgang Puck Catering,"Atlanta, GA
Georgia","$12,850",300+,4.8,8,Host your once-in-a-lifetime event in our one-of-a-kind setting! you will be inspired by how Georgia Aquarium and Wolfgang Puck Catering come together in this dynamic destination to create the event o
The West Venue,"Atlanta, GA
Atlanta, GA","$3,500",201-250,5.0,7,"The West Venue Welcomes You! Located in heart of West Midtown Atlanta, The West Venue offers one of Atlanta’s most unique and creative event spaces boasting 20' ceiling. The venue can accommodate 250"
The Biltmore Ballrooms,"Atlanta, GA
Georgia",N/A,300+,4.7,39,"Built in 1924, located in Midtown, & listed on the National Historic Register with two breathtaking ballrooms. Each Ballroom has its own pre-function area, crystal chandeliers, gold leaf antique pilla"
The White Bohemian,"Atlanta Area
Atlanta Area","$4,000",101-150,5.0,2,"The White Bohemian is a historic event venue in Atlanta, GA, that hosts weddings and other special occasions. This elegant boutique property offers a one-of-a-kind setting with lasting charm and a tou"
The Georgian Terrace Hotel,"Atlanta, GA
Georgia","$17,850",201-250,4.3,23,"Discover the romantic charm of Atlanta's historic suite hotel in the heart of midtown, built in 1911. The proud venue that has hosted more weddings than any other facility in the Atlanta area, boasts"
Ambient + Studio,"Atlanta, GA
Georgia","$4,000",251-300,4.4,9,"Ambient + Studio in Atlanta, GA, is a unique wedding venue built in 1910. That’s more than 100 years ago. Before the Titanic. Before World War I. Of course, they didn’t know it was a studio when they"
Omni Atlanta Hotel at Centennial Park,"Atlanta, GA
Georgia","$7,100",300+,5.0,2,"In the heart of downtown, across from Centennial Olympic Park, Omni Atlanta Hotel at CNN Center is the perfect Atlanta, GA, wedding venue. Their hotel banquet and catering services are ideally suited"
Atlanta History Center,"Atlanta, GA
Georgia","$13,500",251-300,4.5,28,"On 33 acres in beautiful Buckhead, we offer the widest variety of event options at one location. Let beauty and serenity set the scene at the glorious historic Swan House Gardens. An outdoor gathering"
Wild Heaven West End Brewery & Gardens,"Atlanta, GA
Georgia",N/A,151-200,5.0,13,"Wild Heaven West End Brewery & Gardens is a wedding and events venue located in Atlanta, Georgia's Historic West End. A cornerstone of the West End's bustling Lee + White development, Wild Heaven We"
Cator Woolford Gardens,"Atlanta, GA
Georgia",N/A,151-200,4.5,8,"With each rental, clients have the ability to use the entire Gardens as well as the indoor Atrium space. The Gardens include a grand ceremony lawn, air conditioned pavilion/bridal suite, 30’x 45’ and"
The Carlyle,"Atlanta, GA
Georgia",N/A,300+,5.0,9,"Nestled in central Atlanta, GA is luxurious wedding-and-event venue The Carlyle. This unique space was converted from a historic building. It displays modern sophistication with an urban twist. The ve"
The Commerce Club of Atlanta,"Atlanta, GA
Georgia","$10,000",251-300,5.0,2,"The Commerce Club is a private club wedding venue situated on the 49th floor in the heart of Atlanta, Georgia. Our breathtaking city views offers couples the very best in wedding services. The Lane"
The Atlanta White House,"Atlanta, GA
Georgia","$8,500",300+,5.0,1,"Wedding guests will know that a truly special day is dawning when they proceed through the great gates and onto the exclusive, private grounds of the Atlanta Whitehouse. The fountains and gardens gre"
Le'Chosewood Oasis,"GA
GA","$3,200",0-50,5.0,4,We are no longer in business at this time. Please stay tuned for future updates. Thank you! We are no longer in business at this time. Please stay tuned for future updates. Thank you! We are no longe
The Legacy Center,"Atlanta, GA
Georgia","$2,200",101-150,0.0,0,"Tying the knot? Celebrate love with your friends and family with full access to our private campus and bring your special day to life. Enjoy an outdoor ceremony on our front lawn or garden, or bring"
The Estate by Legendary Events,"Atlanta, GA
Georgia",N/A,201-250,4.4,13,"Secluded within three acres of breathtakingly beautiful private and gated grounds in the heart of Buckhead, this historical landmark is the perfect setting for a stunning wedding. An icon of grace a"
Hotel Colee,"Atlanta, GA
Georgia","$7,000",251-300,0.0,0,"Thank you for considering the Hotel Colee to host your Celebration! Awarded: ""Best Hotels in the South"" - Conde Nast Traveler's Readers Choice 2021 and ""Best Hotel Development/Redevelopment"" - Modern"
Peachtree Christian Church,"Atlanta, GA
Georgia","$1,550",300+,5.0,8,"Peachtree Christian Church has been the setting for over 9,000 Atlanta weddings since 1928. The magnificent sanctuary with its beautiful collection of British Stained Glass and center aisle are a bea"
The Lake House at Avondale Estates,"Georgia
Georgia",N/A,51-100,4.8,6,"The Lake House is where you will find the freedom to make your special occasion memorable with a personal touch. The Avondale Lake House is located just east of Atlanta, 7 miles from downtown Atlanta"
The Little Cottage,"Smyrna, GA
Georgia",N/A,151-200,5.0,3,"Welcome to The Little Cottage. Located in Smyrna Georgia just minutes from anywhere in the Atlanta area. 9 miles to downtown Atlanta, 15 miles to Hartsfield Jackson International Airport and 4 miles t"
Piedmont Park Conservancy,"Atlanta, GA
Georgia",N/A,201-250,4.7,23,"Piedmont Park Conservancy in Atlanta, Georgia is the perfect combination of historic and elegance. The waterfront views and adjacent city skyscrapers are sure to set an idyllic backdrop for an unforge"
Pryor Engagements,"Metro Atlanta
Metro Atlanta",N/A,51-100,5.0,6,"At Pryor Engagements, we’re in the business of hosting stunning weddings, and special events. Since our opening in 2022, we’ve given our clients the power to customize every aspect of their event, fro"
The Cypress,"Atlanta, Georgia , Decatur, Marietta
Atlanta, Georgia , Decatur, Marietta",N/A,51-100,5.0,1,"The Cypress is an intimate and timeless venue located in Atlanta, GA. An enchanting and customizable setting, uniquely suited for creating lasting memories; From beautiful wedding ceremonies and intim"
"Alpaca Treehouse, LLC","Atlanta, GA
Georgia",N/A,51-100,0.0,0,"Based in Atlanta, GA, Alpaca Treehouse, LLC is a wedding venue. We provide the most unique wedding venue in the world. We are in the City of Atlanta with a full farm featuring 3.5 acres, 4 alpacas, 4"
Four Seasons Hotel Atlanta,"Georgia
Georgia","$10,000",201-250,5.0,6,Four Seasons Hotel Atlanta cordially invites you to share your blissful wedding memories with us -- in the midst of luxury and opulence. With a level of service that lends a new distinction to traditi
Flourish by Legendary Events,"Atlanta, GA
Georgia",N/A,300+,5.0,2,"Located in the heart of Buckhead, FLOURISH by Legendary Events is a stunning, special events venue like no other in Atlanta. Features at this glamorous, modern gem include an 11,000 sq. ft. column-fre"
Trees Atlanta,"Atlanta, GA
Georgia",N/A,201-250,5.0,1,"Thank you for considering the Trees Atlanta Kendeda TreeHouse for your special event. Newly built and completed in 2023, the Kendeda TreeHouse is Trees Atlanta's new headquarters in southwest Atlanta."
"The Starling Atlanta, Curio Collection by Hilton","Atlanta, GA
Georgia",N/A,300+,3.0,4,"Located in Atlanta, GA, The Starling Atlanta Midtown, Curio Collection by Hilton is a sophisticated hotel wedding venue with luxurious overnight accommodations. There are points of interest within the"
Elysium Event Center,"College Park, GA
Georgia",N/A,201-250,5.0,2,"Elysium is a two story muti-purpose facility featuring a ballroom which can accommodate up to 300, a Wedding Chapel, Bridal Suite, Groomsman Suite, Hospitility Suite, and VIP Rooms upstairs, as well a"
Summerour Studio,"Atlanta, GA
Georgia",N/A,300+,5.0,40,"Summerour Studio is an expansive, refurbished warehouse located in Atlanta’s exciting Westside Convenient to Downtown, Midtown, Buckhead, Atlantic Station and the Interstate, this is the perfect sett"
St. Regis Atlanta,"Atlanta, GA
Georgia",N/A,300+,5.0,2,"An indelible address. From bespoke flower arrangements and captivating venues to custom catering and a personal St. Regis Specialist, we provide all of the elements necessary to surpass your expectati"
Bold Monk Brewing Co,"Atlanta, GA
Georgia",N/A,300+,3.0,2,"Bold Monk Brewing Co is a wedding venue situated in Atlanta, GA. Couples seeking a relaxed yet refined setting will delight in the indoor and outdoor spaces available at this distinctive distillery. B"
The Foundry at Puritan Mill,"Atlanta, GA
Georgia",N/A,300+,4.6,20,"The Foundry is a truly dramatic and flexible event space. Original pine beams, expansive skylights, and polished concrete floors offer a backdrop with character and history, illustrating the industria"
White Oak Kitchen & Cocktails,"Atlanta, GA
Georgia",N/A,300+,4.0,1,"Located in Atlanta, GA, White Oak Kitchen & Cocktails is an ideal wedding venue for Southern food lovers and mixed-drink aficionados. The restaurant’s culinary talents work hard to combine traditional"
Atlanta Contemporary,"Atlanta, GA
Georgia",N/A,300+,4.7,3,"Atlanta Contemporary, located in the city's historic Westside corridor, is one of the premier contemporary art organizations in the Southeast. Built in the 1920s, our campus features a 30,000 square-f"
Embassy Suites by Hilton Atlanta Buckhead,"Atlanta, GA
Georgia","$1,000",201-250,0.0,0,"Situated in Atlanta, GA, Embassy Suites by Hilton Atlanta Buckhead is a hotel and wedding venue. The elegant interiors of the hotel boast a modern and dynamic design that offers the ideal canvas for a"
"The Whitley, a Luxury Collection Hotel Atlanta Buckhead","Atlanta, GA
Georgia",N/A,300+,4.0,4,"Welcome to The Whitley, A Luxury Collection Hotel, where cosmopolitan style intersects with timeless elegance steeped in Southern charm. Our iconic address has served the area for more than 30 years,"
Kimpton Sylvan Hotel,"Atlanta, GA
Georgia",N/A,101-150,1.0,1,"The Kimpton Sylvan Hotel is a boutique wedding venue located in Atlanta, GA in the heart of the Buckhead neighborhood. Dubbed “The Beverly Hills of the South”, Buckhead offers access to the most sough"
Block & Drum,"Greater Atlanta Market
Greater Atlanta Market",N/A,300+,0.0,0,"Block & Drum: Your Next Level Atlanta Wedding Venue Tired of cookie-cutter weddings? Craving a venue that's as unique as your love story? Look no further than Block & Drum, Atlanta's hottest new spot"
Ali Events at Lakewood,"Atlanta, GA
Georgia",N/A,201-250,0.0,0,"Located in downtown Atlanta, GA, Ali Events at Lakewood is an event venue that hosts weddings and other milestone occasions. The management of this facility invites couples to the historic neighborhoo"
433 Bishop- Novare Events,"Atlanta, GA
Georgia",N/A,151-200,4.0,3,"Convenient to Downtown, Midtown, Buckhead, Atlantic Station and the Interstate, 433 Bishop is the perfect setting for your next event. Atlanta’s newest event space, features a modern chic décor, large"
Canoe,"Atlanta, GA
Georgia",N/A,51-100,5.0,9,"Tucked away along the peaceful banks of the Chattahoochee River, yet conveniently located in the Atlanta community of Vinings, lies one of the country’s most acclaimed restaurants. Balanced by both cu"
Cobb Energy Performing Arts Centre,"Atlanta, GA
Georgia",N/A,300+,5.0,1,"“Beautiful!” . . . “Unforgettable!” . . . tears from the father of the bride: indicators of another joyous wedding event, and reminders that the magic of this special day is created by meticulous plan"
Renaissance Atlanta Waverly Hotel & Convention Center,"Atlanta, GA
Georgia",N/A,300+,5.0,6,"Discover all you need to craft extraordinary experiences with our flawless service blends seamlessly with our stunning venues, allowing you to have the perfect celebration for your special day."
Chastain Horse Park,"Atlanda, GA
Georgia",N/A,251-300,4.7,17,"Nestled on 13 acres in Buckhead, rests a magical equestrian oasis that happens to play host to Atlanta's finest special events. With award winning catering from Avenue Catering Concepts, you and your"
Saville Art Studios,"GA
GA",N/A,300+,5.0,2,Atlanta's premier floral design Each stem and soft petal gathered to create a unique display for your perfect event..... from simple celebrations to lifetime ceremonies. Every detail is custom desi
The Carter Center,"Atlanta, GA
Georgia",N/A,151-200,5.0,12,"It has charmed queens, brides, lawmakers and in-laws. Where better to hold life’s most important event than The Carter Presidential Center. Featuring exclusive catering by Proof of the Pudding, our pe"
The Chapel on Sycamore,"Decatur, GA
Georgia","$5,000",201-250,0.0,0,"The Chapel on Sycamore is a beautiful wedding venue located in Decatur, GA. This unforgettable venue provides a romantic and elegant setting that is fitting for your once-in-a-lifetime celebration."
Crowne Plaza Hotel Atlanta Perimeter at Ravinia,"Atlanta, GA
Georgia",N/A,300+,5.0,1,"Crowne Plaza Atlanta Perimeter At Ravinia is a hotel in Atlanta, GA, inviting couples to celebrate their wedding in style. A strikingly modern property, the hotel combines contemporary style with cutt"
W Atlanta-Downtown,"Atlanta, GA
Georgia",N/A,201-250,5.0,1,"'Tie the Knot' at W Atlanta Downtown where a lush hideaway infused with natural elements and sensual style awaits you. Where revitalization and rejuvenation beckon amid major corporations, ups"
Knock Music House,"Atlanta, GA
Georgia",N/A,101-150,0.0,0,"Located in Atlanta, GA, Knock Music House is a planning business that presents its elegant banquet hall, 1789 The Bridge, to be used for weddings. An ideal place to say “I do” in Georgia’s capital cit"
The Fox Theatre,"Atlanta, GA
Georgia",N/A,300+,3.7,10,"The Fox Theatre is a remarkable wedding venue located in Atlanta, GA. This world-renowned concert venue has hosted countless gatherings, providing couples with a memorable backdrop to the wedding of t"
Atlanta Marriott Perimeter Center,"Atlanta, GA
Georgia",N/A,300+,0.0,0,"A day this important deserves a venue that’s been reimagined beyond the ordinary, where breathtaking space never before seen can be tailored to your vision. Be the first to celebrate your most import"
Georgia Tech Hotel and Conference Center,"Atlanta, GA
Georgia",N/A,300+,5.0,2,"Located in the heart of Midtown Atlanta, we host ceremonies, dinners, and receptions. Dinners up to 400 in our Grand Ballroom. Discounted group rates for wedding guests. Packages include compliment"
Agnes Scott College,"Decatur, GA
Georgia","$8,000",300+,4.3,7,Imagine celebrating your special day surrounded by the beauty of lush green gardens and the dignity of the traditional collegiate architecture surrounding our chapel. Your ceremony will take place i
Marriott Marquis Atlanta,"Atlanta, GA
Georgia",N/A,300+,4.7,3,Superior service and attention to detail is our promise. An award-winning Event Staff ready to assist is what we deliver. World-class amenities and luxurious accommodations – that's a Marquis standard
Buckhead Club,"Atlanta, GA
Georgia","$12,000",201-250,5.0,2,
Westin Buckhead Atlanta,"Atlanta, GA
Georgia",N/A,300+,3.8,6,Westin Buckhead Atlanta offers freshly renovated overnight guestrooms with the superior Westin standard of hospitality. Our wedding venues capture gorgeous views of Buckhead to enhance memorable photo
Georgia Railroad Freight Depot - The Freight Room,"Atlanta, GA
Georgia","$11,500",300+,3.4,5,
Double Tree,"Atlanta, GA
Georgia",N/A,300+,4.0,2,"The DoubleTree By Hilton Atlanta-Marietta's wedding team is dedicated to helping you create the wedding of your dreams. With over 20 years professional experience, each event we do is unique to our cl"
The Doubletree Hotel Atlanta Ne Northlake,"Atlanta, GA
Georgia",N/A,300+,5.0,1,Our exquisite hotel is uniquely decorated around the four elements; truly making an intimate setting for any couple. Our staff will make arranging your special day a truly unforgettable experience.
Future Atlanta,"Atlanta, GA
Georgia",N/A,101-150,0.0,0,"Future Atlanta is a spacious, two-story event venue located in downtown Atlanta, GA. With 15,000 square feet of event space. This modern, versatile venue is perfect for weddings of any size or scale"
The Solarium at Historic Scottish Rite,"Decatur, GA
Georgia",N/A,151-200,4.5,8,"Comfortably accommodate 150 for a seated meal, and approximately 100 seated on the patio.Kitchen facilities, separate private space, and outdoor space included.Vendor services are completely up to the"
Courtyard Atlanta Decatur Downtown/Emory,"Decatur, GA
Georgia",N/A,300+,0.0,0,"Conveniently located in the heart of historic downtown Decatur, The Courtyard Atlanta Decatur Downtown/Emory offers15,000 square feet of flexible space and our experienced staff is dedicated to bringi"
"The Ritz-Carlton, Atlanta","Atlanta, GA
Georgia",N/A,300+,4.6,5,"With exceptional wedding venues and impeccable service, The Ritz-Carlton, Atlanta is setting a new standard in romantic elegance. From professional wedding planners to elegant reception venues, our lu"
Atlanta Marriott Northwest at Galleria,"Atlanta, GA
Georgia",N/A,300+,5.0,1,"Planning the wedding of your dreams will be a breeze at the Atlanta Marriott Northwest at Galleria in Marietta, Georgia. Featuring over 18,000 square feet of well-appointed event space, including thre"
The Westin Peachtree Plaza,"Atlanta, GA
Georgia",N/A,300+,0.0,0,"Celebrate your new beginning at The Westin Peachtree Plaza and let us help you create the perfect Atlanta wedding. Our downtown Atlanta hotel is where creating memorable, once in a lifetime affairs is"
Diamond + Spikes Contemporary Studio,"Atlanta, GA
Georgia",N/A,0-50,0.0,0,"Diamond + Spikes Contemporary Studio is a wedding and events venue in Atlanta, GA. The open space is a blank canvas for couples to design to their taste. An intimate gallery, the room is ideal for reh"
Le Fais do-do,"Atlanta, GA
Georgia",N/A,300+,4.6,15,
Ecco Buckhead,"Atlanta, GA
Georgia",$100,300+,0.0,0,"From weddings to rehearsal dinners, bridal events and more, Ecco Buckhead is an enchanting and elegant restaurant wedding venue located in the heart of Atlanta, GA's vibrant Buckhead neighborhood. Kno"
Zoo Atlanta,"Atlanta, GA
Georgia",N/A,300+,0.0,0,"Welcome to your window to the wild. Spectacular scenery, innovative culinary creations and transformative experiences make your next event an occasion your guests will be talking about for years to co"
Ray's in the City,"Atlanta, GA
Georgia",N/A,51-100,4.0,1,Expect the extraordinary at Ray's in the City! We offer the finest seafood and steaks along with impeccable service and stunning atmosphere. We offer up to four private areas for your rehearsal dinn
McCormick & Schmick's Seafood & Steaks,"Atlanta, GA
Georgia",N/A,0-50,0.0,0,"Selecting McCormick & Schmick’s for your event takes the stress out of planning. With a host of options from our famous cuisine, we can design a menu that suits your event and your needs. We look"
